{"event": "qr_deep_scan", "timestamp": "2025-07-14T11:53:54.602843Z", "user_id": "test_user_d57129ed", "token": "878172f1-c37c-4527-bf0e-fbd016444e9d", "ip": "testclient", "outcome": "success"}
{"event": "qr_deep_scan", "timestamp": "2025-07-14T11:56:02.584456Z", "user_id": "test_user_0a3f5ea7", "token": "1ad02dbb-aba0-4b30-bd3c-19a6dd7b2a12", "ip": "testclient", "outcome": "success"}
{"event": "qr_deep_scan", "timestamp": "2025-07-14T12:03:04.122891Z", "user_id": "test_user_3cd91aa8", "token": "43d41fd1-6b81-4e89-9991-ff21ed6f0878", "ip": "testclient", "outcome": "success"}
{"event": "qr_deep_scan", "timestamp": "2025-07-14T12:03:04.145073Z", "user_id": "test_user_9bf6c190", "token": "ca218de0-b445-4975-8c1c-9c676e601edb", "ip": "testclient", "outcome": "success"}
{"event": "qr_deep_scan", "timestamp": "2025-07-14T12:03:04.166398Z", "user_id": "test_user_08f54642", "token": "dba0b78a-21ea-4bc7-ba6e-def564bc8fc8", "ip": "testclient", "outcome": "success"}
{"event": "qr_deep_scan", "timestamp": "2025-07-14T12:03:04.181136Z", "user_id": "test_user_b2436e33", "token": "b143e919-57e2-48c4-98d9-1a5ffe7f14bf", "ip": "testclient", "outcome": "success"}
{"event": "qr_deep_scan", "timestamp": "2025-07-14T12:03:04.198457Z", "user_id": "test_user_056319d7", "token": "456bea49-f797-4df8-ab9d-70e3dd53b41c", "ip": "testclient", "outcome": "success"}
{"event": "qr_deep_scan", "timestamp": "2025-07-14T12:05:26.734684Z", "user_id": "test_user_ac12a0bd", "token": "d6a26750-a424-4e6a-b2a2-c4215e926cdf", "ip": "testclient", "outcome": "success"}
{"event": "qr_deep_scan", "timestamp": "2025-07-14T12:05:26.751519Z", "user_id": "test_user_ce2ddd03", "token": "6e734701-26e5-42e5-b159-3e22f5b553bb", "ip": "testclient", "outcome": "success"}
{"event": "qr_deep_scan", "timestamp": "2025-07-14T12:05:26.766680Z", "user_id": "test_user_d3f412fa", "token": "f90d51ef-4fc4-492d-b94b-e7db31a03935", "ip": "testclient", "outcome": "success"}
{"event": "qr_deep_scan", "timestamp": "2025-07-14T12:05:26.781478Z", "user_id": "test_user_e658ebe1", "token": "1562ffe1-cd0d-4f41-a8c1-2f6c2cb5c3e6", "ip": "testclient", "outcome": "success"}
{"event": "qr_deep_scan", "timestamp": "2025-07-14T12:05:26.796405Z", "user_id": "test_user_7d40f5a6", "token": "93fe624c-5db3-44f6-8896-c7565da6c868", "ip": "testclient", "outcome": "success"}
{"event": "qr_deep_scan", "timestamp": "2025-07-14T12:06:43.546297Z", "user_id": "test_user_65a4518e", "token": "9e089f43-06db-4d52-a6aa-431fedc86cc4", "ip": "testclient", "outcome": "success"}
{"event": "qr_deep_scan", "timestamp": "2025-07-14T12:06:43.564863Z", "user_id": "test_user_271a902a", "token": "4fd955e0-4ed3-47fe-bc6f-5a4150219cc7", "ip": "testclient", "outcome": "success"}
{"event": "qr_deep_scan", "timestamp": "2025-07-14T12:06:43.580149Z", "user_id": "test_user_3b33cb72", "token": "2580957a-c9d2-4269-ba2d-b7460be194ea", "ip": "testclient", "outcome": "success"}
{"event": "qr_deep_scan", "timestamp": "2025-07-14T12:06:43.596250Z", "user_id": "test_user_2888f48c", "token": "381b11ee-4f65-4c98-b9d9-ff0c97808799", "ip": "testclient", "outcome": "success"}
{"event": "qr_deep_scan", "timestamp": "2025-07-14T12:06:43.611794Z", "user_id": "test_user_a3b49208", "token": "08a7b5db-2782-4d52-901c-5dd0386bc2d8", "ip": "testclient", "outcome": "success"}
{"event": "qr_deep_scan", "timestamp": "2025-07-14T12:07:37.592793Z", "user_id": "test_user_337077e0", "token": "579384fd-8ce3-4b91-a43e-d5ae9ba93ba9", "ip": "testclient", "outcome": "success"}
{"event": "qr_deep_scan", "timestamp": "2025-07-14T12:08:49.713741Z", "user_id": "test_user_baf50a44", "token": "6d80abef-ff0a-4916-a864-35a15526a55a", "ip": "testclient", "outcome": "success"}
{"event": "qr_deep_scan", "timestamp": "2025-07-14T12:09:50.703978Z", "user_id": "test_user_e1b6f8db", "token": "15ab0065-00f9-4de0-a099-15c35aa6fca3", "ip": "testclient", "outcome": "success"}
{"event": "qr_deep_scan", "timestamp": "2025-07-14T12:11:23.578446Z", "user_id": "test_user_e2741529", "token": "9c7d4bcf-84da-454c-a624-9ba92b1f3f8a", "ip": "testclient", "outcome": "success"}
